1435, 7, Web Designer, Web Developer, Full Stack Developer,Dev Ops,Product Manager,Customer Service Representative,SESpecialist,Web Designer,Web Developer,Full Stack Developer,Dev Ops,Product Manager,Customer Service Representative,SESpecialist,Web Designer,Web Developer,Full Stack Developer,Dev Ops,Product Manager,Customer Service Representative,SESpecialist,Web Designer,Web Developer,Full Stack Developer,Dev Ops,Product Manager,Customer Service Representative,SESpecialist,Web Designer,Web Developer,Full Stack Developer,Dev Ops,Product Manager,Customer Service Representative,SESpecialist,Web Designer,Web Developer,Full Stack Developer,Dev Ops,Product Manager,Customer Service Representative,SESpecialist,Web Designer,Web Developer,Full Stack Developer,Dev Ops,Product Manager,Customer Service Representative,SESpecialist,engineer,developer,consultant,architect,engineer,developer,consultant,architect,engineer,developer,consultant,architect,engineer,developer,consultant,architect,engineer,developer,consultant,architect,engineer,developer,consultant,architect,engineer,developer,consultant,architect,engineer,developer,consultant,architect,engineer,developer,consultant,architect,engineer,developer,consultant,architect,Software developer,Senior engineer,Principal engineer,Member Technical of Staff,Software developer,Senior engineer,Principal engineer,Member Technical of Staff,Software developer,Senior engineer,Principal engineer,Member Technical of Staff,Software developer,Senior engineer,Principal engineer,Member Technical of Staff,Software developer,Senior engineer,Principal engineer,Member Technical of Staff,vfx,fx,visual effects,effects artist,artist,vfx,fx,visual effects,effects artist,artist,vfx,fx,visual effects,effects artist,artist,software engineer,developer,software engineer,developer,software engineer,developer,software engineer,developer,software engineer,developer,software engineer,developer,software engineer,developer,software engineer,developer,software engineer,developer,software engineer,developer,software engineer,developer,software engineer,developer,software engineer,developer,software engineer,developer,software engineer,developer,software engineer,developer,software engineer,developer,software engineer,developer,software engineer,developer,software engineer,developer,software engineer,developer,software engineer,developer,software engineer,developer,software engineer,developer,software engineer,developer,software engineer,developer,software engineer,developer,software engineer,developer,software engineer,developer,software engineer,developer,software engineer,developer,software engineer,developer,software engineer,developer,software engineer,developer,software engineer,developer,software engineer,developer,software engineer,developer,software engineer,developer,software engineer,developer,software engineer,developer,software engineer,developer,software engineer,developer,software engineer,developer,QC,QA,validation,engineer,developer,consultant,architect,engineer,developer,consultant,architect,engineer,developer,consultant,architect,engineer,developer,consultant,architect,engineer,developer,consultant,architect,engineer,developer,consultant,architect,engineer,developer,consultant,architect,engineer,developer,consultant,architect,engineer,developer,consultant,architect,engineer,developer,consultant,architect,engineer,developer,consultant,architect,engineer,developer,consultant,architect,engineer,developer,consultant,architect,engineer,developer,consultant,architect,engineer,developer,consultant,architect,engineer,developer,consultant,architect,engineer,developer,consultant,architect,engineer,developer,consultant,architect,engineer,developer,consultant,architect,engineer,developer,consultant,architect,engineer,developer,consultant,architect,engineer,developer,consultant,architect,engineer,developer,consultant,architect,engineer,developer,consultant,architect,engineer,developer,consultant,architect,engineer,developer,consultant,architect,engineer,developer,consultant,architect,engineer,developer,consultant,architect,engineer,developer,consultant,architect,engineer,developer,consultant,architect,engineer,developer,consultant,architect,engineer,developer,consultant,architect,engineer,developer,consultant,architect,engineer,developer,consultant,architect,engineer,developer,consultant,architect,engineer,developer,consultant,architect,engineer,developer,consultant,architect,engineer,developer,consultant,architect,engineer,developer,consultant,architect,engineer,developer,consultant,architect,engineer,developer,consultant,architect,engineer,developer,consultant,architect,engineer,developer,consultant,architect,engineer,developer,consultant,architect,AVP,VP,Assistant Vice President,Vice Precident,AVP,VP,Assistant Vice President,Vice Precident,AVP,VP,Assistant Vice President,Vice Precident,AVP,VP,Assistant Vice President,Vice Precident,AVP,VP,Assistant Vice President,Vice Precident,AVP,VP,Assistant Vice President,Vice Precident,engineer,developer,consultant,architect,engineer,developer,consultant,architect,engineer,developer,consultant,architect,engineer,developer,consultant,architect,engineer,developer,consultant,architect,engineer,developer,consultant,architect,engineer,developer,consultant,architect,engineer,developer,consultant,architect,engineer,developer,consultant,architect,engineer,developer,consultant,architect,engineer,developer,consultant,architect,engineer,developer,consultant,architect,engineer,developer,consultant,architect,engineer,developer,consultant,architect,engineer,developer,consultant,architect,engineer,developer,consultant,architect,engineer,developer,consultant,architect,engineer,developer,consultant,architect,engineer,developer,consultant,architect,engineer,developer,consultant,architect,engineer,developer,consultant,architect,engineer,developer,consultant,architect,engineer,developer,consultant,architect,engineer,developer,consultant,architect,engineer,developer,consultant,architect,engineer,developer,consultant,architect,engineer,developer,consultant,architect,engineer,developer,consultant,architect,engineer,developer,consultant,architect,engineer,developer,consultant,architect,engineer,developer,consultant,architect,engineer,developer,consultant,architect,engineer,developer,consultant,architect,engineer,developer,consultant,architect,engineer,developer,consultant,architect,engineer,developer,consultant,architect,engineer,developer,consultant,architect,engineer,developer,consultant,architect,engineer,developer,consultant,architect,engineer,developer,consultant,architect,engineer,developer,consultant,architect,engineer,developer,consultant,architect,engineer,developer,consultant,architect,engineer,developer,consultant,architect,engineer,developer,consultant,architect,engineer,developer,consultant,architect,engineer,developer,consultant,architect,engineer,developer,consultant,architect,engineer,developer,consultant,architect,engineer,developer,consultant,architect,engineer,developer,consultant,architect,engineer,developer,consultant,architect,engineer,developer,consultant,architect,engineer,developer,consultant,architect,engineer,developer,consultant,architect,engineer,developer,consultant,architect,engineer,developer,consultant,architect,engineer,developer,consultant,architect,engineer,developer,consultant,architect,engineer,developer,consultant,architect,engineer,developer,consultant,architect,engineer,developer,consultant,architect,engineer,developer,consultant,architect,engineer,developer,consultant,architect,engineer,developer,consultant,architect,engineer,developer,consultant,architect,engineer,developer,consultant,architect,engineer,developer,consultant,architect,engineer,developer,consultant,architect,engineer,developer,consultant,architect,engineer,developer,consultant,architect,engineer,developer,consultant,architect,Software Engineer,SWE,Software Development Engineer,MTS,Engineer,Software Engineer,SWE,Software Development Engineer,MTS,Engineer,Business Analyst,Systems Analyst,Business Analyst,Systems Analyst,engineer,developer,consultant,architect,engineer,developer,consultant,architect,engineer,developer,consultant,architect,engineer,developer,consultant,architect,engineer,developer,consultant,architect,engineer,developer,consultant,architect,engineer,developer,consultant,architect,engineer,developer,consultant,architect,engineer,developer,consultant,architect,engineer,developer,consultant,architect,Campaign Marketing Manager,Marketing Manager,Campaign Marketing Manager,Marketing Manager,Campaign Marketing Manager,Marketing Manager,National Sales Director,VP of Sales,Director of Sales,Director,Sales,developer,Vice President,Digital Media Analyst,Web Analytics,Data Analyst,National Sales Director,VP of Sales,Director of Sales,Director,Sales,Vice President,Graphic Designer,Graphic Designer,Graphic Designer,Marketing Analyst,Marketing Analyst,Marketing Analyst,Copy Writing,copywriter,Copy Writing,copywriter,Project Manager,Project Manager,Project Manager,Project Manager,ux designer,ui designer,user,ux designer,ui designer,user,ux designer,ui designer,user,User Interface (UI) Developer,User Interface (UI) Developer,User Interface (UI) Developer,User Interface (UI) Developer,User Interface (UI) Developer,User Interface (UI) Developer,User Interface (UI) Developer,User Interface (UI) Developer,User Interface (UI) Developer,Web Developer,Web Developer,Web Developer,Web Developer,marketing communications Coordinator,marketing coordinator,marketing specialist,marketing communications Coordinator,marketing coordinator,marketing specialist,marketing communications Coordinator,marketing coordinator,marketing specialist,marketing communications Coordinator,marketing coordinator,marketing specialist,marketing communications Coordinator,marketing coordinator,marketing specialist,Sales Manager,Sales Director,Business Development Manager,Business Development Director,BD Manager,BD Director,Sales Manager,Sales Director,Business Development Manager,Business Development Director,BD Manager,BD Director,Sales Manager,Sales Director,Business Development Manager,Business Development Director,BD Manager,BD Director,Sales Manager,Sales Director,Business Development Manager,Business Development Director,BD Manager,BD Director,Sales Manager,Sales Director,Business Development Manager,Business Development Director,BD Manager,BD Director,Sales Manager,Sales Director,Business Development Manager,Business Development Director,BD Manager,BD Director,Sales Manager,Sales Director,Business Development Manager,Business Development Director,BD Manager,BD Director,Sales Manager,Sales Director,Business Development Manager,Business Development Director,BD Manager,BD Director,Sales Manager,Sales Director,Business Development Manager,Business Development Director,BD Manager,BD Director,engineer,developer,engineer,developer,engineer,developer,engineer,developer,engineer,developer,engineer,developer,engineer,developer,engineer,developer,engineer,developer,engineer,developer,engineer,developer,engineer,developer,engineer,developer,Manager,Manager,Manager,Manager,Manager,Manager,Manager,Manager,Manager,Manager,Manager,Manager,Manager,Manager,Manager,Manager,Manager,engineer,developer,engineer,developer,engineer,developer,engineer,developer,engineer,developer,engineer,developer,engineer,developer,engineer,engineer,developer,engineer,developer,engineer,developer,engineer,developer,engineer,developer,engineer,developer,Senior Visual Designer,Senior Visual Designer,Senior Visual Designer,Front End Engineer,FrontEnd Engineer,Front-End Engineer,Front End developer,Front End Engineer,FrontEnd Engineer,Front-End Engineer,Front End developer,Front End Engineer,FrontEnd Engineer,Front-End Engineer,Front End developer,Account Executive,Enterprise Account Executive,Account Executive,Enterprise Account Executive,Hadoop Administrator,Linux system Administrator,Big Data Engineer,Data Science,Hadoop Administrator,Linux system Administrator,Big Data Engineer,Data Science,Account manager,Business Development,Account manager,Business Development,Account manager,Business Development,Account manager,Business Development,project Manager,project Manager,project Manager,Graphic Designer,Designer,Production Artist,Graphic Designer,Designer,Production Artist,Graphic Designer,Designer,Production Artist,senior data Scientist,senior data Scientist,senior data Scientist,senior data Scientist,senior data Scientist,senior data Scientist,senior data Scientist,senior data Scientist,senior data Scientist,senior data Scientist,senior data Scientist,senior data Scientist,senior data Scientist,senior data Scientist,senior data Scientist,senior data Scientist,Data Scientist,Scientist,data sciene,Data Scientist,Scientist,data sciene,Data Scientist,Scientist,data sciene,Data Scientist,Scientist,data sciene,Data Scientist,Scientist,data sciene,Data Scientist,Scientist,data sciene,Data Scientist,Scientist,data sciene,Data Scientist,Scientist,data sciene,Data Scientist,Scientist,data sciene,Data Scientist,Scientist,data sciene,Data Scientist,Scientist,data sciene,Data Scientist,Scientist,data sciene,Data Scientist,Scientist,data sciene,Data Scientist,Scientist,data sciene,Data Scientist,Scientist,data sciene,Data Scientist,Scientist,data sciene,Data Scientist,Scientist,data sciene,Data Scientist,Scientist,data sciene,Data Scientist,Scientist,data sciene,Data Scientist,Scientist,data sciene,Data Scientist,Scientist,data sciene,Data Scientist,Scientist,data sciene,Data Scientist,Scientist,data sciene,Data Scientist,Scientist,data sciene,Data Scientist,Scientist,data sciene,Data Scientist,Scientist,data sciene,Data Scientist,Scientist,data sciene,Data Scientist,Scientist,data sciene,Data Scientist,Scientist,data sciene,Data Scientist,Scientist,data sciene,Data Scientist,Scientist,data sciene,Data Scientist,Scientist,data sciene,Data Scientist,Scientist,data sciene,Data Scientist,Scientist,data sciene,Data Scientist,Scientist,data sciene,Data Scientist,Scientist,data sciene,Data Scientist,Scientist,data sciene,Data Scientist,Scientist,data sciene,Data Scientist,Scientist,data sciene,Data Scientist,Scientist,data sciene,Data Scientist,Scientist,data sciene,Data Scientist,Scientist,data sciene,Data Scientist,Scientist,data sciene,Data Scientist,Scientist,data sciene,Data Scientist,Scientist,data sciene,Data Scientist,Scientist,data sciene,Data Scientist,Scientist,data sciene,Data Scientist,Scientist,data sciene,Data Scientist,Scientist,data sciene,Data Scientist,Scientist,data sciene,Data Scientist,Scientist,data sciene,Data Scientist,Scientist,data sciene,Data Scientist,Scientist,data sciene,Data Scientist,Scientist,data sciene,Data Scientist,Scientist,data sciene,Graphic Designer,Designer,Production Artist,Graphic Designer,Designer,Production Artist,Graphic Designer,Designer,Production Artist,engineer,developer,engineer,developer,engineer,developer,engineer,developer,engineer,developer,engineer,developer,engineer,developer,engineer,developer,engineer,developer,engineer,developer,engineer,developer,engineer,developer,engineer,developer,engineer,developer,engineer,developer,engineer,developer,engineer,developer,engineer,developer,engineer,developer,engineer,developer,engineer,developer,engineer,developer,engineer,developer,engineer,developer,engineer,developer,engineer,developer,engineer,developer,engineer,developer,engineer,developer,engineer,developer,engineer,developer,engineer,developer,engineer,developer,engineer,developer,engineer,developer,engineer,developer,engineer,developer,engineer,developer,engineer,developer,engineer,developer,engineer,developer,engineer,developer,engineer,developer,engineer,developer,engineer,developer,engineer,developer,engineer,developer,engineer,developer,engineer,developer,engineer,developer,engineer,developer,engineer,developer,engineer,developer,engineer,developer,engineer,developer,engineer,developer,engineer,developer,engineer,developer,engineer,developer,engineer,developer,engineer,developer,engineer,developer,engineer,developer,engineer,developer,engineer,developer,engineer,developer,engineer,developer,engineer,developer,engineer,developer,engineer,developer,engineer,developer,engineer,developer,engineer,developer,engineer,developer,engineer,developer,engineer,developer,engineer,developer,engineer,developer,engineer,developer,engineer,developer,engineer,developer,engineer,developer,engineer,developer,engineer,developer,engineer,developer,engineer,developer,engineer,developer,engineer,developer,engineer,developer,engineer,developer,engineer,developer,Sr. Database Administrator,Sr. Database Administrator,Sr. Database Administrator,Sr. Database Administrator,Sr. Database Administrator,Sr Software Developer,Sr Software engineer,Sr java Developer,Sr Software Developer,Sr Software engineer,Sr java Developer,Sr Software Developer,Sr Software engineer,Sr java Developer,Sr Software Developer,Sr Software engineer,Sr java Developer,Sr Software Developer,Sr Software engineer,Sr java Developer,Sr Software Developer,Sr Software engineer,Sr java Developer,Demand Generation Marketing Lead,Lead Generation Marketing Manager,Lead Generation Manager,Demand Generation Marketing Lead,Lead Generation Marketing Manager,Lead Generation Manager,Demand Generation Marketing Lead,Lead Generation Marketing Manager,Lead Generation Manager,Demand Generation Marketing Lead,Lead Generation Marketing Manager,Lead Generation Manager,Demand Generation Marketing Lead,Lead Generation Marketing Manager,Lead Generation Manager,Sr. Database Administrator,Sr. Database Administrator,Sr. Database Administrator,Sr. Database Administrator,Sr. Database Administrator,Sr. Database Administrator,Content Marketing Manager,Marketing Manager,Content Marketing Manager,Marketing Manager,Content Marketing Manager,Marketing Manager,Content Marketing Manager,Marketing Manager,Content Marketing Manager,Marketing Manager,Sr Software Developer,Sr Software engineer,Sr java Developer,Sr Software Developer,Sr Software engineer,Sr java Developer,Sr Software Developer,Sr Software engineer,Sr java Developer,Sr Software Developer
5,321741,321748,321755,321762,321769,1,0
6,321742,321749,321756,321763,321770,2,1
7,321743,321750,321757,321764,321771,1,2
8,321744,321751,321758,321765,321772,2,3
9,321745,321752,321759,321766,321773,1,4
10,321746,321753,321760,321767,321774,2,5
11,321747,321754,321761,321768,321775,3,6
12,321741,321748,321755,321762,321769,1,7
13,321742,321749,321756,321763,321770,3,8
14,321743,321750,321757,321764,321771,1,9
15,321744,321751,321758,321765,321772,2,10
16,321745,321752,321759,321766,321773,1,11
17,321746,321753,321760,321767,321774,2,12
18,321747,321754,321761,321768,321775,1,13
19,321741,321748,321755,321762,321769,2,14
20,321742,321749,321756,321763,321770,2,15
21,321743,321750,321757,321764,321771,2,16
22,321744,321751,321758,321765,321772,3,17
23,321745,321752,321759,321766,321773,1,18
24,321746,321753,321760,321767,321774,2,19
25,321747,321754,321761,321768,321775,1,20
26,321741,321748,321755,321762,321769,2,21
27,321742,321749,321756,321763,321770,1,22
28,321743,321750,321757,321764,321771,2,23
29,321744,321751,321758,321765,321772,1,24
30,321745,321752,321759,321766,321773,2,25
31,321746,321753,321760,321767,321774,2,26
32,321747,321754,321761,321768,321775,1,27
33,321741,321748,321755,321762,321769,1,28
34,321742,321749,321756,321763,321770,2,29
35,321743,321750,321757,321764,321771,1,30
36,321744,321751,321758,321765,321772,3,31
37,321745,321752,321759,321766,321773,1,32
38,321746,321753,321760,321767,321774,1,33
39,321747,321754,321761,321768,321775,1,34
40,321741,321748,321755,321762,321769,2,35
41,321742,321749,321756,321763,321770,1,36
42,321743,321750,321757,321764,321771,1,37
43,321744,321751,321758,321765,321772,1,38
44,321745,321752,321759,321766,321773,3,39
45,321746,321753,321760,321767,321774,2,40
46,321747,321754,321761,321768,321775,3,41
47,321741,321748,321755,321762,321769,2,42
48,321742,321749,321756,321763,321770,2,43
49,321743,321750,321757,321764,321771,1,44
50,321744,321751,321758,321765,321772,1,45
51,321745,321752,321759,321766,321773,1,46
52,321746,321753,321760,321767,321774,1,47
53,321747,321754,321761,321768,321775,1,48
54,321790,321794,321798,321802,321806,1,49
55,321791,321795,321799,321803,321807,2,50
56,321792,321796,321800,321804,321808,2,51
57,321793,321797,321801,321805,321809,3,52
58,321790,321794,321798,321802,321806,1,53
59,321791,321795,321799,321803,321807,1,54
60,321792,321796,321800,321804,321808,1,55
61,321793,321797,321801,321805,321809,2,56
62,321790,321794,321798,321802,321806,3,57
63,321791,321795,321799,321803,321807,1,58
64,321792,321796,321800,321804,321808,2,59
65,321793,321797,321801,321805,321809,1,60
66,321790,321794,321798,321802,321806,3,61
67,321791,321795,321799,321803,321807,1,62
68,321792,321796,321800,321804,321808,2,63
69,321793,321797,321801,321805,321809,2,64
70,321790,321794,321798,321802,321806,2,65
71,321791,321795,321799,321803,321807,3,66
72,321792,321796,321800,321804,321808,2,67
73,321793,321797,321801,321805,321809,3,68
74,321790,321794,321798,321802,321806,2,69
75,321791,321795,321799,321803,321807,2,70
76,321792,321796,321800,321804,321808,2,71
77,321793,321797,321801,321805,321809,3,72
78,321790,321794,321798,321802,321806,3,73
79,321791,321795,321799,321803,321807,3,74
80,321792,321796,321800,321804,321808,2,75
81,321793,321797,321801,321805,321809,1,76
82,321790,321794,321798,321802,321806,3,77
83,321791,321795,321799,321803,321807,1,78
84,321792,321796,321800,321804,321808,2,79
85,321793,321797,321801,321805,321809,1,80
86,321790,321794,321798,321802,321806,2,81
87,321791,321795,321799,321803,321807,2,82
88,321792,321796,321800,321804,321808,2,83
89,321793,321797,321801,321805,321809,1,84
90,321790,321794,321798,321802,321806,1,85
91,321791,321795,321799,321803,321807,1,86
92,321792,321796,321800,321804,321808,1,87
93,321793,321797,321801,321805,321809,2,88
94,321830,321834,321838,321842,321846,1,89
95,321831,321835,321839,321843,321847,2,90
96,321832,321836,321840,321844,321848,2,91
97,321833,321837,321841,321845,321849,3,92
98,321830,321834,321838,321842,321846,2,93
99,321831,321835,321839,321843,321847,3,94
100,321832,321836,321840,321844,321848,2,95
101,321833,321837,321841,321845,321849,3,96
102,321830,321834,321838,321842,321846,1,97
103,321831,321835,321839,321843,321847,2,98
104,321832,321836,321840,321844,321848,1,99
105,321833,321837,321841,321845,321849,3,100
106,321830,321834,321838,321842,321846,3,101
107,321831,321835,321839,321843,321847,2,102
108,321832,321836,321840,321844,321848,1,103
109,321833,321837,321841,321845,321849,2,104
110,321830,321834,321838,321842,321846,2,105
111,321831,321835,321839,321843,321847,2,106
112,321832,321836,321840,321844,321848,1,107
113,321833,321837,321841,321845,321849,1,108
114,321850,321855,321860,331539,331544,3,109
115,321851,321856,321861,331540,331545,1,110
116,321852,321857,321862,331541,331546,3,111
117,321853,321858,321863,331542,331547,3,112
118,321854,321859,321864,324211,324212,3,113
119,321850,321855,321860,331539,331544,2,114
120,321851,321856,321861,331540,331545,2,115
121,321852,321857,321862,331541,331546,1,116
122,321853,321858,321863,331542,331547,3,117
123,321854,321859,321864,324211,324212,2,118
124,321850,321855,321860,331539,331544,2,119
125,321851,321856,321861,331540,331545,3,120
126,321852,321857,321862,331541,331546,1,121
127,321853,321858,321863,331542,331547,2,122
128,321854,321859,321864,324211,324212,2,123
129,321865,321867,321869,321871,321873,3,124
130,321791,321795,321799,321803,321807,1,125
131,321865,321867,321869,321871,321873,3,126
132,321791,321795,321799,321803,321807,2,127
133,321865,321867,321869,321871,321873,3,128
134,321791,321795,321799,321803,321807,2,129
135,321865,321867,321869,321871,321873,2,130
136,321791,321795,321799,321803,321807,2,131
137,321865,321867,321869,321871,321873,2,132
138,321791,321795,321799,321803,321807,2,133
139,321865,321867,321869,321871,321873,1,134
140,321791,321795,321799,321803,321807,3,135
141,321865,321867,321869,321871,321873,1,136
142,321791,321795,321799,321803,321807,2,137
143,321865,321867,321869,321871,321873,2,138
144,321791,321795,321799,321803,321807,1,139
145,321865,321867,321869,321871,321873,2,140
146,321791,321795,321799,321803,321807,3,141
147,321865,321867,321869,321871,321873,3,142
148,321791,321795,321799,321803,321807,1,143
149,321865,321867,321869,321871,321873,3,144
150,321791,321795,321799,321803,321807,1,145
151,321865,321867,321869,321871,321873,2,146
152,321791,321795,321799,321803,321807,1,147
153,321865,321867,321869,321871,321873,3,148
154,321791,321795,321799,321803,321807,2,149
155,321865,321867,321869,321871,321873,3,150
156,321791,321795,321799,321803,321807,3,151
157,321865,321867,321869,321871,321873,3,152
158,321791,321795,321799,321803,321807,1,153
159,321865,321867,321869,321871,321873,3,154
160,321791,321795,321799,321803,321807,1,155
161,321865,321867,321869,321871,321873,2,156
162,321791,321795,321799,321803,321807,3,157
163,321865,321867,321869,321871,321873,2,158
164,321791,321795,321799,321803,321807,3,159
165,321865,321867,321869,321871,321873,2,160
166,321791,321795,321799,321803,321807,3,161
167,321865,321867,321869,321871,321873,1,162
168,321791,321795,321799,321803,321807,1,163
169,321865,321867,321869,321871,321873,2,164
170,321791,321795,321799,321803,321807,1,165
171,321865,321867,321869,321871,321873,1,166
172,321791,321795,321799,321803,321807,2,167
173,321865,321867,321869,321871,321873,3,168
174,321791,321795,321799,321803,321807,3,169
175,321865,321867,321869,321871,321873,1,170
176,321791,321795,321799,321803,321807,3,171
177,321865,321867,321869,321871,321873,3,172
178,321791,321795,321799,321803,321807,2,173
179,321865,321867,321869,321871,321873,2,174
180,321791,321795,321799,321803,321807,1,175
181,321865,321867,321869,321871,321873,1,176
182,321791,321795,321799,321803,321807,1,177
183,321865,321867,321869,321871,321873,1,178
184,321791,321795,321799,321803,321807,1,179
185,321865,321867,321869,321871,321873,1,180
186,321791,321795,321799,321803,321807,1,181
187,321865,321867,321869,321871,321873,2,182
188,321791,321795,321799,321803,321807,2,183
189,321865,321867,321869,321871,321873,2,184
190,321791,321795,321799,321803,321807,1,185
191,321865,321867,321869,321871,321873,1,186
192,321791,321795,321799,321803,321807,1,187
193,321865,321867,321869,321871,321873,2,188
194,321791,321795,321799,321803,321807,2,189
195,321865,321867,321869,321871,321873,1,190
196,321791,321795,321799,321803,321807,2,191
197,321865,321867,321869,321871,321873,2,192
198,321791,321795,321799,321803,321807,2,193
199,321865,321867,321869,321871,321873,3,194
200,321791,321795,321799,321803,321807,3,195
201,321865,321867,321869,321871,321873,2,196
202,321791,321795,321799,321803,321807,1,197
203,321865,321867,321869,321871,321873,2,198
204,321791,321795,321799,321803,321807,3,199
205,321865,321867,321869,321871,321873,2,200
206,321791,321795,321799,321803,321807,1,201
207,321865,321867,321869,321871,321873,2,202
208,321791,321795,321799,321803,321807,2,203
209,321865,321867,321869,321871,321873,3,204
210,321791,321795,321799,321803,321807,2,205
211,321865,321867,321869,321871,321873,3,206
212,321791,321795,321799,321803,321807,3,207
213,321865,321867,321869,321871,321873,1,208
214,321791,321795,321799,321803,321807,3,209
215,321945,322839,322842,322845,322846,3,210
216,321946,322777,322782,322787,322905,2,211
217,321947,325383,333015,333016,333017,3,212
218,321790,321794,321798,321802,321806,3,213
219,321791,321795,321799,321803,321807,1,214
220,321792,321796,321800,321804,321808,2,215
221,321793,321797,321801,321805,321809,3,216
222,321790,321794,321798,321802,321806,3,217
223,321791,321795,321799,321803,321807,3,218
224,321792,321796,321800,321804,321808,2,219
225,321793,321797,321801,321805,321809,3,220
226,321790,321794,321798,321802,321806,3,221
227,321791,321795,321799,321803,321807,2,222
228,321792,321796,321800,321804,321808,3,223
229,321793,321797,321801,321805,321809,3,224
230,321790,321794,321798,321802,321806,1,225
231,321791,321795,321799,321803,321807,2,226
232,321792,321796,321800,321804,321808,1,227
233,321793,321797,321801,321805,321809,1,228
234,321790,321794,321798,321802,321806,1,229
235,321791,321795,321799,321803,321807,1,230
236,321792,321796,321800,321804,321808,2,231
237,321793,321797,321801,321805,321809,2,232
238,321790,321794,321798,321802,321806,1,233
239,321791,321795,321799,321803,321807,2,234
240,321792,321796,321800,321804,321808,2,235
241,321793,321797,321801,321805,321809,3,236
242,321790,321794,321798,321802,321806,3,237
243,321791,321795,321799,321803,321807,2,238
244,321792,321796,321800,321804,321808,3,239
245,321793,321797,321801,321805,321809,3,240
246,321790,321794,321798,321802,321806,1,241
247,321791,321795,321799,321803,321807,1,242
248,321792,321796,321800,321804,321808,3,243
249,321793,321797,321801,321805,321809,3,244
250,321790,321794,321798,321802,321806,2,245
251,321791,321795,321799,321803,321807,2,246
252,321792,321796,321800,321804,321808,1,247
253,321793,321797,321801,321805,321809,2,248
254,321790,321794,321798,321802,321806,2,249
255,321791,321795,321799,321803,321807,3,250
256,321792,321796,321800,321804,321808,3,251
257,321793,321797,321801,321805,321809,3,252
258,321790,321794,321798,321802,321806,1,253
259,321791,321795,321799,321803,321807,2,254
260,321792,321796,321800,321804,321808,2,255
261,321793,321797,321801,321805,321809,1,256
262,321790,321794,321798,321802,321806,1,257
263,321791,321795,321799,321803,321807,1,258
264,321792,321796,321800,321804,321808,3,259
265,321793,321797,321801,321805,321809,2,260
266,321790,321794,321798,321802,321806,2,261
267,321791,321795,321799,321803,321807,2,262
268,321792,321796,321800,321804,321808,1,263
269,321793,321797,321801,321805,321809,1,264
270,321790,321794,321798,321802,321806,1,265
271,321791,321795,321799,321803,321807,3,266
272,321792,321796,321800,321804,321808,2,267
273,321793,321797,321801,321805,321809,2,268
274,321790,321794,321798,321802,321806,3,269
275,321791,321795,321799,321803,321807,2,270
276,321792,321796,321800,321804,321808,2,271
277,321793,321797,321801,321805,321809,2,272
278,321790,321794,321798,321802,321806,3,273
279,321791,321795,321799,321803,321807,1,274
280,321792,321796,321800,321804,321808,2,275
281,321793,321797,321801,321805,321809,2,276
282,321790,321794,321798,321802,321806,3,277
283,321791,321795,321799,321803,321807,2,278
284,321792,321796,321800,321804,321808,2,279
285,321793,321797,321801,321805,321809,3,280
286,321790,321794,321798,321802,321806,3,281
287,321791,321795,321799,321803,321807,2,282
288,321792,321796,321800,321804,321808,3,283
289,321793,321797,321801,321805,321809,3,284
290,321790,321794,321798,321802,321806,3,285
291,321791,321795,321799,321803,321807,2,286
292,321792,321796,321800,321804,321808,3,287
293,321793,321797,321801,321805,321809,1,288
294,321790,321794,321798,321802,321806,1,289
295,321791,321795,321799,321803,321807,1,290
296,321792,321796,321800,321804,321808,1,291
297,321793,321797,321801,321805,321809,2,292
298,321790,321794,321798,321802,321806,1,293
299,321791,321795,321799,321803,321807,2,294
300,321792,321796,321800,321804,321808,1,295
301,321793,321797,321801,321805,321809,2,296
302,321790,321794,321798,321802,321806,1,297
303,321791,321795,321799,321803,321807,2,298
304,321792,321796,321800,321804,321808,1,299
305,321793,321797,321801,321805,321809,2,300
306,321790,321794,321798,321802,321806,3,301
307,321791,321795,321799,321803,321807,2,302
308,321792,321796,321800,321804,321808,3,303
309,321793,321797,321801,321805,321809,2,304
310,321790,321794,321798,321802,321806,1,305
311,321791,321795,321799,321803,321807,2,306
312,321792,321796,321800,321804,321808,1,307
313,321793,321797,321801,321805,321809,2,308
314,321790,321794,321798,321802,321806,1,309
315,321791,321795,321799,321803,321807,1,310
316,321792,321796,321800,321804,321808,2,311
317,321793,321797,321801,321805,321809,3,312
318,321790,321794,321798,321802,321806,3,313
319,321791,321795,321799,321803,321807,2,314
320,321792,321796,321800,321804,321808,1,315
321,321793,321797,321801,321805,321809,1,316
322,321790,321794,321798,321802,321806,2,317
323,321791,321795,321799,321803,321807,2,318
324,321792,321796,321800,321804,321808,1,319
325,321793,321797,321801,321805,321809,1,320
326,321790,321794,321798,321802,321806,2,321
327,321791,321795,321799,321803,321807,2,322
328,321792,321796,321800,321804,321808,3,323
329,321793,321797,321801,321805,321809,1,324
330,321790,321794,321798,321802,321806,3,325
331,321791,321795,321799,321803,321807,1,326
332,321792,321796,321800,321804,321808,3,327
333,321793,321797,321801,321805,321809,3,328
334,321790,321794,321798,321802,321806,1,329
335,321791,321795,321799,321803,321807,2,330
336,321792,321796,321800,321804,321808,2,331
337,321793,321797,321801,321805,321809,2,332
338,321790,321794,321798,321802,321806,3,333
339,321791,321795,321799,321803,321807,2,334
340,321792,321796,321800,321804,321808,2,335
341,321793,321797,321801,321805,321809,1,336
342,321790,321794,321798,321802,321806,3,337
343,321791,321795,321799,321803,321807,2,338
344,321792,321796,321800,321804,321808,3,339
345,321793,321797,321801,321805,321809,2,340
346,321790,321794,321798,321802,321806,3,341
347,321791,321795,321799,321803,321807,2,342
348,321792,321796,321800,321804,321808,3,343
349,321793,321797,321801,321805,321809,1,344
350,321790,321794,321798,321802,321806,1,345
351,321791,321795,321799,321803,321807,3,346
352,321792,321796,321800,321804,321808,1,347
353,321793,321797,321801,321805,321809,2,348
354,321790,321794,321798,321802,321806,2,349
355,321791,321795,321799,321803,321807,2,350
356,321792,321796,321800,321804,321808,3,351
357,321793,321797,321801,321805,321809,2,352
358,321790,321794,321798,321802,321806,3,353
359,321791,321795,321799,321803,321807,2,354
360,321792,321796,321800,321804,321808,3,355
361,321793,321797,321801,321805,321809,3,356
362,321790,321794,321798,321802,321806,1,357
363,321791,321795,321799,321803,321807,3,358
364,321792,321796,321800,321804,321808,2,359
365,321793,321797,321801,321805,321809,2,360
366,321790,321794,321798,321802,321806,2,361
367,321791,321795,321799,321803,321807,1,362
368,321792,321796,321800,321804,321808,2,363
369,321793,321797,321801,321805,321809,3,364
370,321790,321794,321798,321802,321806,3,365
371,321791,321795,321799,321803,321807,1,366
372,321792,321796,321800,321804,321808,2,367
373,321793,321797,321801,321805,321809,1,368
374,321790,321794,321798,321802,321806,1,369
375,321791,321795,321799,321803,321807,2,370
376,321792,321796,321800,321804,321808,1,371
377,321793,321797,321801,321805,321809,3,372
378,321790,321794,321798,321802,321806,1,373
379,321791,321795,321799,321803,321807,2,374
380,321792,321796,321800,321804,321808,2,375
381,321793,321797,321801,321805,321809,3,376
382,321790,321794,321798,321802,321806,1,377
383,321791,321795,321799,321803,321807,2,378
384,321792,321796,321800,321804,321808,1,379
385,321793,321797,321801,321805,321809,2,380
386,321790,321794,321798,321802,321806,2,381
387,321791,321795,321799,321803,321807,3,382
388,321792,321796,321800,321804,321808,3,383
389,321793,321797,321801,321805,321809,2,384
390,321790,321794,321798,321802,321806,3,385
391,321791,321795,321799,321803,321807,3,386
392,321792,321796,321800,321804,321808,3,387
393,321793,321797,321801,321805,321809,2,388
394,321976,321980,321984,321988,321992,3,389
395,321977,321981,321985,321989,321993,1,390
396,321978,321982,321986,321990,321994,2,391
397,321979,321983,321987,321991,321995,3,392
398,321976,321980,321984,321988,321992,2,393
399,321977,321981,321985,321989,321993,2,394
400,321978,321982,321986,321990,321994,1,395
401,321979,321983,321987,321991,321995,1,396
402,321976,321980,321984,321988,321992,2,397
403,321977,321981,321985,321989,321993,1,398
404,321978,321982,321986,321990,321994,1,399
405,321979,321983,321987,321991,321995,3,400
406,321976,321980,321984,321988,321992,2,401
407,321977,321981,321985,321989,321993,2,402
408,321978,321982,321986,321990,321994,2,403
409,321979,321983,321987,321991,321995,2,404
410,321976,321980,321984,321988,321992,1,405
411,321977,321981,321985,321989,321993,2,406
412,321978,321982,321986,321990,321994,3,407
413,321979,321983,321987,321991,321995,1,408
414,321976,321980,321984,321988,321992,3,409
415,321977,321981,321985,321989,321993,2,410
416,321978,321982,321986,321990,321994,1,411
417,321979,321983,321987,321991,321995,3,412
418,321790,321794,321798,321802,321806,2,413
419,321791,321795,321799,321803,321807,2,414
420,321792,321796,321800,321804,321808,1,415
421,321793,321797,321801,321805,321809,2,416
422,321790,321794,321798,321802,321806,2,417
423,321791,321795,321799,321803,321807,3,418
424,321792,321796,321800,321804,321808,2,419
425,321793,321797,321801,321805,321809,2,420
426,321790,321794,321798,321802,321806,3,421
427,321791,321795,321799,321803,321807,3,422
428,321792,321796,321800,321804,321808,2,423
429,321793,321797,321801,321805,321809,2,424
430,321790,321794,321798,321802,321806,2,425
431,321791,321795,321799,321803,321807,3,426
432,321792,321796,321800,321804,321808,3,427
433,321793,321797,321801,321805,321809,3,428
434,321790,321794,321798,321802,321806,3,429
435,321791,321795,321799,321803,321807,3,430
436,321792,321796,321800,321804,321808,1,431
437,321793,321797,321801,321805,321809,3,432
438,321790,321794,321798,321802,321806,3,433
439,321791,321795,321799,321803,321807,2,434
440,321792,321796,321800,321804,321808,3,435
441,321793,321797,321801,321805,321809,3,436
442,321790,321794,321798,321802,321806,1,437
443,321791,321795,321799,321803,321807,1,438
444,321792,321796,321800,321804,321808,3,439
445,321793,321797,321801,321805,321809,3,440
446,321790,321794,321798,321802,321806,3,441
447,321791,321795,321799,321803,321807,2,442
448,321792,321796,321800,321804,321808,3,443
449,321793,321797,321801,321805,321809,1,444
450,321790,321794,321798,321802,321806,3,445
451,321791,321795,321799,321803,321807,1,446
452,321792,321796,321800,321804,321808,2,447
453,321793,321797,321801,321805,321809,2,448
454,321790,321794,321798,321802,321806,2,449
455,321791,321795,321799,321803,321807,3,450
456,321792,321796,321800,321804,321808,3,451
457,321793,321797,321801,321805,321809,2,452
458,321790,321794,321798,321802,321806,3,453
459,321791,321795,321799,321803,321807,3,454
460,321792,321796,321800,321804,321808,3,455
461,321793,321797,321801,321805,321809,2,456
462,321790,321794,321798,321802,321806,3,457
463,321791,321795,321799,321803,321807,2,458
464,321792,321796,321800,321804,321808,2,459
465,321793,321797,321801,321805,321809,2,460
466,321790,321794,321798,321802,321806,1,461
467,321791,321795,321799,321803,321807,1,462
468,321792,321796,321800,321804,321808,1,463
469,321793,321797,321801,321805,321809,2,464
470,321790,321794,321798,321802,321806,2,465
471,321791,321795,321799,321803,321807,3,466
472,321792,321796,321800,321804,321808,3,467
473,321793,321797,321801,321805,321809,2,468
474,321790,321794,321798,321802,321806,3,469
475,321791,321795,321799,321803,321807,2,470
476,321792,321796,321800,321804,321808,1,471
477,321793,321797,321801,321805,321809,2,472
478,321790,321794,321798,321802,321806,2,473
479,321791,321795,321799,321803,321807,1,474
480,321792,321796,321800,321804,321808,3,475
481,321793,321797,321801,321805,321809,3,476
482,321790,321794,321798,321802,321806,2,477
483,321791,321795,321799,321803,321807,3,478
484,321792,321796,321800,321804,321808,3,479
485,321793,321797,321801,321805,321809,2,480
486,321790,321794,321798,321802,321806,3,481
487,321791,321795,321799,321803,321807,1,482
488,321792,321796,321800,321804,321808,3,483
489,321793,321797,321801,321805,321809,3,484
490,321790,321794,321798,321802,321806,1,485
491,321791,321795,321799,321803,321807,2,486
492,321792,321796,321800,321804,321808,2,487
493,321793,321797,321801,321805,321809,2,488
494,321790,321794,321798,321802,321806,3,489
495,321791,321795,321799,321803,321807,2,490
496,321792,321796,321800,321804,321808,3,491
497,321793,321797,321801,321805,321809,3,492
498,321790,321794,321798,321802,321806,3,493
499,321791,321795,321799,321803,321807,3,494
500,321792,321796,321800,321804,321808,3,495
501,321793,321797,321801,321805,321809,2,496
502,321790,321794,321798,321802,321806,1,497
503,321791,321795,321799,321803,321807,2,498
504,321792,321796,321800,321804,321808,2,499
505,321793,321797,321801,321805,321809,3,500
506,321790,321794,321798,321802,321806,3,501
507,321791,321795,321799,321803,321807,3,502
508,321792,321796,321800,321804,321808,2,503
509,321793,321797,321801,321805,321809,3,504
510,321790,321794,321798,321802,321806,2,505
511,321791,321795,321799,321803,321807,1,506
512,321792,321796,321800,321804,321808,2,507
513,321793,321797,321801,321805,321809,1,508
514,321790,321794,321798,321802,321806,1,509
515,321791,321795,321799,321803,321807,1,510
516,321792,321796,321800,321804,321808,1,511
517,321793,321797,321801,321805,321809,2,512
518,321790,321794,321798,321802,321806,1,513
519,321791,321795,321799,321803,321807,1,514
520,321792,321796,321800,321804,321808,1,515
521,321793,321797,321801,321805,321809,1,516
522,321790,321794,321798,321802,321806,2,517
523,321791,321795,321799,321803,321807,3,518
524,321792,321796,321800,321804,321808,3,519
525,321793,321797,321801,321805,321809,2,520
526,321790,321794,321798,321802,321806,3,521
527,321791,321795,321799,321803,321807,2,522
528,321792,321796,321800,321804,321808,1,523
529,321793,321797,321801,321805,321809,1,524
530,321790,321794,321798,321802,321806,2,525
531,321791,321795,321799,321803,321807,3,526
532,321792,321796,321800,321804,321808,3,527
533,321793,321797,321801,321805,321809,1,528
534,321790,321794,321798,321802,321806,3,529
535,321791,321795,321799,321803,321807,3,530
536,321792,321796,321800,321804,321808,2,531
537,321793,321797,321801,321805,321809,1,532
538,321790,321794,321798,321802,321806,2,533
539,321791,321795,321799,321803,321807,1,534
540,321792,321796,321800,321804,321808,1,535
541,321793,321797,321801,321805,321809,1,536
542,321790,321794,321798,321802,321806,3,537
543,321791,321795,321799,321803,321807,2,538
544,321792,321796,321800,321804,321808,1,539
545,321793,321797,321801,321805,321809,3,540
546,321790,321794,321798,321802,321806,1,541
547,321791,321795,321799,321803,321807,2,542
548,321792,321796,321800,321804,321808,1,543
549,321793,321797,321801,321805,321809,3,544
550,321790,321794,321798,321802,321806,1,545
551,321791,321795,321799,321803,321807,1,546
552,321792,321796,321800,321804,321808,1,547
553,321793,321797,321801,321805,321809,1,548
554,321790,321794,321798,321802,321806,3,549
555,321791,321795,321799,321803,321807,1,550
556,321792,321796,321800,321804,321808,3,551
557,321793,321797,321801,321805,321809,2,552
558,321790,321794,321798,321802,321806,1,553
559,321791,321795,321799,321803,321807,3,554
560,321792,321796,321800,321804,321808,1,555
561,321793,321797,321801,321805,321809,1,556
562,321790,321794,321798,321802,321806,1,557
563,321791,321795,321799,321803,321807,2,558
564,321792,321796,321800,321804,321808,1,559
565,321793,321797,321801,321805,321809,3,560
566,321790,321794,321798,321802,321806,1,561
567,321791,321795,321799,321803,321807,1,562
568,321792,321796,321800,321804,321808,2,563
569,321793,321797,321801,321805,321809,2,564
570,321790,321794,321798,321802,321806,2,565
571,321791,321795,321799,321803,321807,3,566
572,321792,321796,321800,321804,321808,1,567
573,321793,321797,321801,321805,321809,2,568
574,321790,321794,321798,321802,321806,3,569
575,321791,321795,321799,321803,321807,2,570
576,321792,321796,321800,321804,321808,2,571
577,321793,321797,321801,321805,321809,2,572
578,321790,321794,321798,321802,321806,3,573
579,321791,321795,321799,321803,321807,1,574
580,321792,321796,321800,321804,321808,3,575
581,321793,321797,321801,321805,321809,2,576
582,321790,321794,321798,321802,321806,2,577
583,321791,321795,321799,321803,321807,3,578
584,321792,321796,321800,321804,321808,1,579
585,321793,321797,321801,321805,321809,3,580
586,321790,321794,321798,321802,321806,1,581
587,321791,321795,321799,321803,321807,3,582
588,321792,321796,321800,321804,321808,2,583
589,321793,321797,321801,321805,321809,3,584
590,321790,321794,321798,321802,321806,3,585
591,321791,321795,321799,321803,321807,2,586
592,321792,321796,321800,321804,321808,2,587
593,321793,321797,321801,321805,321809,1,588
594,321790,321794,321798,321802,321806,3,589
595,321791,321795,321799,321803,321807,3,590
596,321792,321796,321800,321804,321808,3,591
597,321793,321797,321801,321805,321809,3,592
598,321790,321794,321798,321802,321806,1,593
599,321791,321795,321799,321803,321807,2,594
600,321792,321796,321800,321804,321808,1,595
601,321793,321797,321801,321805,321809,3,596
602,321790,321794,321798,321802,321806,2,597
603,321791,321795,321799,321803,321807,2,598
604,321792,321796,321800,321804,321808,3,599
605,321793,321797,321801,321805,321809,1,600
606,321790,321794,321798,321802,321806,3,601
607,321791,321795,321799,321803,321807,2,602
608,321792,321796,321800,321804,321808,3,603
609,321793,321797,321801,321805,321809,1,604
610,321790,321794,321798,321802,321806,1,605
611,321791,321795,321799,321803,321807,2,606
612,321792,321796,321800,321804,321808,3,607
613,321793,321797,321801,321805,321809,2,608
614,321790,321794,321798,321802,321806,2,609
615,321791,321795,321799,321803,321807,2,610
616,321792,321796,321800,321804,321808,2,611
617,321793,321797,321801,321805,321809,2,612
618,321790,321794,321798,321802,321806,2,613
619,321791,321795,321799,321803,321807,2,614
620,321792,321796,321800,321804,321808,2,615
621,321793,321797,321801,321805,321809,3,616
622,321790,321794,321798,321802,321806,3,617
623,321791,321795,321799,321803,321807,2,618
624,321792,321796,321800,321804,321808,2,619
625,321793,321797,321801,321805,321809,3,620
626,321790,321794,321798,321802,321806,2,621
627,321791,321795,321799,321803,321807,1,622
628,321792,321796,321800,321804,321808,1,623
629,321793,321797,321801,321805,321809,1,624
630,321790,321794,321798,321802,321806,3,625
631,321791,321795,321799,321803,321807,1,626
632,321792,321796,321800,321804,321808,1,627
633,321793,321797,321801,321805,321809,1,628
634,321790,321794,321798,321802,321806,3,629
635,321791,321795,321799,321803,321807,2,630
636,321792,321796,321800,321804,321808,1,631
637,321793,321797,321801,321805,321809,3,632
638,321790,321794,321798,321802,321806,1,633
639,321791,321795,321799,321803,321807,3,634
640,321792,321796,321800,321804,321808,3,635
641,321793,321797,321801,321805,321809,2,636
642,321790,321794,321798,321802,321806,1,637
643,321791,321795,321799,321803,321807,1,638
644,321792,321796,321800,321804,321808,2,639
645,321793,321797,321801,321805,321809,3,640
646,321790,321794,321798,321802,321806,1,641
647,321791,321795,321799,321803,321807,2,642
648,321792,321796,321800,321804,321808,3,643
649,321793,321797,321801,321805,321809,2,644
650,321790,321794,321798,321802,321806,1,645
651,321791,321795,321799,321803,321807,3,646
652,321792,321796,321800,321804,321808,1,647
653,321793,321797,321801,321805,321809,2,648
654,321790,321794,321798,321802,321806,1,649
655,321791,321795,321799,321803,321807,1,650
656,321792,321796,321800,321804,321808,1,651
657,321793,321797,321801,321805,321809,3,652
658,321790,321794,321798,321802,321806,1,653
659,321791,321795,321799,321803,321807,1,654
660,321792,321796,321800,321804,321808,1,655
661,321793,321797,321801,321805,321809,1,656
662,321790,321794,321798,321802,321806,1,657
663,321791,321795,321799,321803,321807,2,658
664,321792,321796,321800,321804,321808,2,659
665,321793,321797,321801,321805,321809,3,660
666,321790,321794,321798,321802,321806,1,661
667,321791,321795,321799,321803,321807,1,662
668,321792,321796,321800,321804,321808,2,663
669,321793,321797,321801,321805,321809,3,664
670,321790,321794,321798,321802,321806,3,665
671,321791,321795,321799,321803,321807,2,666
672,321792,321796,321800,321804,321808,2,667
673,321793,321797,321801,321805,321809,1,668
674,321790,321794,321798,321802,321806,2,669
675,321791,321795,321799,321803,321807,3,670
676,321792,321796,321800,321804,321808,2,671
677,321793,321797,321801,321805,321809,1,672
678,321790,321794,321798,321802,321806,1,673
679,321791,321795,321799,321803,321807,1,674
680,321792,321796,321800,321804,321808,3,675
681,321793,321797,321801,321805,321809,2,676
682,321790,321794,321798,321802,321806,1,677
683,321791,321795,321799,321803,321807,2,678
684,321792,321796,321800,321804,321808,2,679
685,321793,321797,321801,321805,321809,1,680
686,321790,321794,321798,321802,321806,1,681
687,321791,321795,321799,321803,321807,1,682
688,321792,321796,321800,321804,321808,3,683
689,321793,321797,321801,321805,321809,3,684
690,321790,321794,321798,321802,321806,1,685
691,321791,321795,321799,321803,321807,1,686
692,321792,321796,321800,321804,321808,2,687
693,321793,321797,321801,321805,321809,1,688
694,321790,321794,321798,321802,321806,1,689
695,321791,321795,321799,321803,321807,3,690
696,321792,321796,321800,321804,321808,1,691
697,321793,321797,321801,321805,321809,2,692
698,321790,321794,321798,321802,321806,3,693
699,321791,321795,321799,321803,321807,2,694
700,321792,321796,321800,321804,321808,3,695
701,321793,321797,321801,321805,321809,3,696
702,321790,321794,321798,321802,321806,2,697
703,321791,321795,321799,321803,321807,1,698
704,321792,321796,321800,321804,321808,2,699
705,321793,321797,321801,321805,321809,2,700
706,322068,322073,322736,322740,322744,3,701
707,322069,322074,336352,336355,336358,1,702
708,322070,322075,323891,323895,323899,2,703
709,322071,322076,336395,336401,336406,3,704
710,322072,322077,322594,322595,322596,1,705
711,322068,322073,322736,322740,322744,3,706
712,322069,322074,336352,336355,336358,3,707
713,322070,322075,323891,323895,323899,3,708
714,322071,322076,336395,336401,336406,2,709
715,322072,322077,322594,322595,322596,3,710
716,322078,322080,324005,324007,325635,1,711
717,322079,322081,337469,337470,337471,1,712
718,322078,322080,324005,324007,325635,1,713
719,322079,322081,337469,337470,337471,2,714
720,321790,321794,321798,321802,321806,1,715
721,321791,321795,321799,321803,321807,1,716
722,321792,321796,321800,321804,321808,2,717
723,321793,321797,321801,321805,321809,2,718
724,321790,321794,321798,321802,321806,1,719
725,321791,321795,321799,321803,321807,2,720
726,321792,321796,321800,321804,321808,2,721
727,321793,321797,321801,321805,321809,3,722
728,321790,321794,321798,321802,321806,2,723
729,321791,321795,321799,321803,321807,3,724
730,321792,321796,321800,321804,321808,1,725
731,321793,321797,321801,321805,321809,1,726
732,321790,321794,321798,321802,321806,3,727
733,321791,321795,321799,321803,321807,3,728
734,321792,321796,321800,321804,321808,1,729
735,321793,321797,321801,321805,321809,3,730
736,321790,321794,321798,321802,321806,1,731
737,321791,321795,321799,321803,321807,1,732
738,321792,321796,321800,321804,321808,3,733
739,321793,321797,321801,321805,321809,1,734
740,321790,321794,321798,321802,321806,2,735
741,321791,321795,321799,321803,321807,3,736
742,321792,321796,321800,321804,321808,2,737
743,321793,321797,321801,321805,321809,1,738
744,321790,321794,321798,321802,321806,3,739
745,321791,321795,321799,321803,321807,3,740
746,321792,321796,321800,321804,321808,2,741
747,321793,321797,321801,321805,321809,1,742
748,321790,321794,321798,321802,321806,3,743
749,321791,321795,321799,321803,321807,2,744
750,321792,321796,321800,321804,321808,3,745
751,321793,321797,321801,321805,321809,1,746
752,321790,321794,321798,321802,321806,3,747
753,321791,321795,321799,321803,321807,1,748
754,321792,321796,321800,321804,321808,1,749
755,321793,321797,321801,321805,321809,2,750
756,321790,321794,321798,321802,321806,3,751
757,321791,321795,321799,321803,321807,3,752
758,321792,321796,321800,321804,321808,2,753
759,321793,321797,321801,321805,321809,1,754
770,322092,322094,322096,372240,372243,3,755
771,322093,322095,322097,322460,322462,2,756
772,322092,322094,322096,372240,372243,1,757
773,322093,322095,322097,322460,322462,2,758
774,322092,322094,322096,372240,372243,3,759
775,322093,322095,322097,322460,322462,3,760
777,322099,388998,389000,389002,389004,1,761
779,322101,373214,373215,373216,373217,1,762
780,322102,334124,334127,334133,334139,2,763
782,322104,323113,323115,323117,323119,2,764
785,322107,322622,322627,324025,324185,3,765
985,321791,321795,321799,321803,321807,3,766
787,322109,355211,355222,355233,355244,1,767
788,322110,326581,326588,326595,326602,2,768
790,322112,374553,374555,374557,374559,2,769
791,322113,324511,324514,324517,324520,1,770
793,322099,388998,389000,389002,389004,1,771
795,322101,373214,373215,373216,373217,2,772
796,322102,334124,334127,334133,334139,1,773
798,322104,323113,323115,323117,323119,3,774
801,322107,322622,322627,324025,324185,3,775
803,322109,355211,355222,355233,355244,1,776
804,322114,322115,322116,322314,322318,2,777
805,322114,322115,322116,322314,322318,2,778
806,322114,322115,322116,322314,322318,1,779
807,322117,322118,322119,331963,331965,3,780
808,322117,322118,322119,331963,331965,3,781
809,322117,322118,322119,331963,331965,3,782
810,322120,322122,356288,356290,356291,3,783
811,322121,322123,324660,324665,324670,1,784
812,322120,322122,356288,356290,356291,1,785
813,322121,322123,324660,324665,324670,2,786
815,322125,322126,322127,322128,323040,2,787
816,322125,322126,322127,322128,323040,1,788
817,322125,322126,322127,322128,323040,3,789
818,322125,322126,322127,322128,323040,1,790
819,322129,322133,322137,335516,335519,3,791
820,322130,322134,322138,364200,364203,2,792
821,322131,322135,322139,386942,386944,2,793
823,322129,322133,322137,335516,335519,1,794
824,322130,322134,322138,364200,364203,1,795
825,322131,322135,322139,386942,386944,1,796
827,322129,322133,322137,335516,335519,1,797
828,322130,322134,322138,364200,364203,1,798
829,322131,322135,322139,386942,386944,3,799
831,322141,322142,322143,322144,322145,3,800
832,322141,322142,322143,322144,322145,2,801
833,322141,322142,322143,322144,322145,1,802
834,322141,322142,322143,322144,322145,1,803
835,322141,322142,322143,322144,322145,3,804
836,322141,322142,322143,322144,322145,3,805
837,322141,322142,322143,322144,322145,3,806
838,322141,322142,322143,322144,322145,3,807
839,322141,322142,322143,322144,322145,3,808
840,321742,321749,321756,321763,321770,1,809
842,321742,321749,321756,321763,321770,1,810
844,321742,321749,321756,321763,321770,3,811
846,321742,321749,321756,321763,321770,1,812
852,322160,322163,322166,322169,322172,2,813
853,322161,322164,322167,322170,322173,2,814
854,322162,322165,322168,322171,322174,2,815
855,322160,322163,322166,322169,322172,2,816
856,322161,322164,322167,322170,322173,1,817
857,322162,322165,322168,322171,322174,3,818
858,322160,322163,322166,322169,322172,1,819
859,322161,322164,322167,322170,322173,2,820
860,322162,322165,322168,322171,322174,2,821
861,322160,322163,322166,322169,322172,2,822
862,322161,322164,322167,322170,322173,2,823
863,322162,322165,322168,322171,322174,3,824
864,322160,322163,322166,322169,322172,1,825
865,322161,322164,322167,322170,322173,2,826
866,322162,322165,322168,322171,322174,1,827
867,322175,322181,322187,322193,322199,3,828
868,322176,322182,322188,322194,322200,3,829
869,322177,322183,322189,322195,322201,3,830
870,322178,322184,322190,322196,322202,2,831
871,322179,322185,322191,322197,322203,1,832
872,322180,322186,322192,322198,322204,1,833
873,322175,322181,322187,322193,322199,3,834
874,322176,322182,322188,322194,322200,3,835
875,322177,322183,322189,322195,322201,2,836
876,322178,322184,322190,322196,322202,2,837
877,322179,322185,322191,322197,322203,2,838
878,322180,322186,322192,322198,322204,3,839
879,322175,322181,322187,322193,322199,3,840
880,322176,322182,322188,322194,322200,3,841
881,322177,322183,322189,322195,322201,3,842
882,322178,322184,322190,322196,322202,3,843
883,322179,322185,322191,322197,322203,2,844
884,322180,322186,322192,322198,322204,2,845
885,322175,322181,322187,322193,322199,3,846
886,322176,322182,322188,322194,322200,1,847
887,322177,322183,322189,322195,322201,1,848
888,322178,322184,322190,322196,322202,3,849
889,322179,322185,322191,322197,322203,1,850
890,322180,322186,322192,322198,322204,3,851
891,322175,322181,322187,322193,322199,3,852
892,322176,322182,322188,322194,322200,2,853
893,322177,322183,322189,322195,322201,2,854
894,322178,322184,322190,322196,322202,2,855
895,322179,322185,322191,322197,322203,1,856
896,322180,322186,322192,322198,322204,1,857
897,322175,322181,322187,322193,322199,2,858
898,322176,322182,322188,322194,322200,1,859
899,322177,322183,322189,322195,322201,2,860
900,322178,322184,322190,322196,322202,2,861
901,322179,322185,322191,322197,322203,1,862
902,322180,322186,322192,322198,322204,3,863
903,322175,322181,322187,322193,322199,2,864
904,322176,322182,322188,322194,322200,3,865
905,322177,322183,322189,322195,322201,2,866
906,322178,322184,322190,322196,322202,3,867
907,322179,322185,322191,322197,322203,1,868
908,322180,322186,322192,322198,322204,1,869
909,322175,322181,322187,322193,322199,1,870
910,322176,322182,322188,322194,322200,2,871
911,322177,322183,322189,322195,322201,3,872
912,322178,322184,322190,322196,322202,1,873
913,322179,322185,322191,322197,322203,2,874
914,322180,322186,322192,322198,322204,1,875
915,322175,322181,322187,322193,322199,2,876
916,322176,322182,322188,322194,322200,3,877
917,322177,322183,322189,322195,322201,1,878
918,322178,322184,322190,322196,322202,2,879
919,322179,322185,322191,322197,322203,2,880
920,322180,322186,322192,322198,322204,1,881
927,321790,321794,321798,321802,321806,1,882
928,321791,321795,321799,321803,321807,3,883
929,321790,321794,321798,321802,321806,2,884
930,321791,321795,321799,321803,321807,3,885
931,321790,321794,321798,321802,321806,1,886
932,321791,321795,321799,321803,321807,1,887
933,321790,321794,321798,321802,321806,3,888
934,321791,321795,321799,321803,321807,3,889
935,321790,321794,321798,321802,321806,1,890
936,321791,321795,321799,321803,321807,1,891
937,321790,321794,321798,321802,321806,2,892
938,321791,321795,321799,321803,321807,2,893
939,321790,321794,321798,321802,321806,1,894
940,321791,321795,321799,321803,321807,2,895
941,321790,321794,321798,321802,321806,2,896
942,321791,321795,321799,321803,321807,2,897
943,321790,321794,321798,321802,321806,2,898
944,321791,321795,321799,321803,321807,2,899
945,321790,321794,321798,321802,321806,3,900
946,321791,321795,321799,321803,321807,2,901
947,321790,321794,321798,321802,321806,3,902
948,321791,321795,321799,321803,321807,2,903
949,321790,321794,321798,321802,321806,3,904
950,321791,321795,321799,321803,321807,1,905
951,321790,321794,321798,321802,321806,2,906
952,321791,321795,321799,321803,321807,1,907
953,322242,322243,322244,322245,322246,3,908
954,322242,322243,322244,322245,322246,3,909
955,322242,322243,322244,322245,322246,3,910
956,322242,322243,322244,322245,322246,1,911
957,322242,322243,322244,322245,322246,3,912
958,322242,322243,322244,322245,322246,3,913
959,322242,322243,322244,322245,322246,2,914
960,322242,322243,322244,322245,322246,3,915
961,322242,322243,322244,322245,322246,3,916
962,322242,322243,322244,322245,322246,3,917
963,322242,322243,322244,322245,322246,1,918
964,322242,322243,322244,322245,322246,2,919
965,322242,322243,322244,322245,322246,1,920
966,322242,322243,322244,322245,322246,3,921
967,322242,322243,322244,322245,322246,3,922
968,322242,322243,322244,322245,322246,3,923
969,322242,322243,322244,322245,322246,2,924
970,321790,321794,321798,321802,321806,1,925
971,321791,321795,321799,321803,321807,3,926
972,321790,321794,321798,321802,321806,3,927
973,321791,321795,321799,321803,321807,3,928
974,321790,321794,321798,321802,321806,1,929
975,321791,321795,321799,321803,321807,1,930
976,321790,321794,321798,321802,321806,2,931
977,321791,321795,321799,321803,321807,2,932
978,321790,321794,321798,321802,321806,2,933
979,321791,321795,321799,321803,321807,3,934
980,321790,321794,321798,321802,321806,1,935
981,321791,321795,321799,321803,321807,3,936
982,321790,321794,321798,321802,321806,3,937
983,321791,321795,321799,321803,321807,2,938
984,321790,321794,321798,321802,321806,3,939
986,321790,321794,321798,321802,321806,3,940
987,321791,321795,321799,321803,321807,2,941
988,321790,321794,321798,321802,321806,3,942
989,321791,321795,321799,321803,321807,1,943
990,321790,321794,321798,321802,321806,2,944
991,321791,321795,321799,321803,321807,2,945
992,321790,321794,321798,321802,321806,3,946
993,321791,321795,321799,321803,321807,1,947
994,321790,321794,321798,321802,321806,3,948
995,321791,321795,321799,321803,321807,2,949
996,321790,321794,321798,321802,321806,3,950
997,321791,321795,321799,321803,321807,3,951
998,322267,322269,322271,367614,367617,1,952
1000,322267,322269,322271,367614,367617,1,953
1002,322267,322269,322271,367614,367617,2,954
1004,322273,322277,322281,354228,354231,3,955
1005,322274,322278,322282,380000,380010,3,956
1006,322275,322279,322283,370665,370669,2,957
1007,322276,322280,322284,354075,354078,2,958
1008,322273,322277,322281,354228,354231,1,959
1009,322274,322278,322282,380000,380010,1,960
1010,322275,322279,322283,370665,370669,3,961
1011,322276,322280,322284,354075,354078,3,962
1012,322273,322277,322281,354228,354231,3,963
1013,322274,322278,322282,380000,380010,2,964
1014,322275,322279,322283,370665,370669,2,965
1015,322276,322280,322284,354075,354078,1,966
1016,322285,322287,322643,322650,322657,3,967
1017,322286,322288,359377,359380,359384,2,968
1018,322285,322287,322643,322650,322657,1,969
1019,322286,322288,359377,359380,359384,3,970
1020,322289,322293,332895,332902,332909,1,971
1021,322290,322294,332896,332903,332910,3,972
1022,322291,322295,332897,332904,332911,2,973
1023,322292,322296,324512,324515,324518,1,974
1024,322289,322293,332895,332902,332909,2,975
1025,322290,322294,332896,332903,332910,3,976
1026,322291,322295,332897,332904,332911,3,977
1027,322292,322296,324512,324515,324518,3,978
1029,322298,322301,322304,322307,334161,3,979
1030,322299,322302,322305,322308,324183,3,980
1032,322298,322301,322304,322307,334161,2,981
1033,322299,322302,322305,322308,324183,3,982
1035,322298,322301,322304,322307,334161,3,983
1036,322299,322302,322305,322308,324183,1,984
1038,322298,322301,322304,322307,334161,3,985
1039,322299,322302,322305,322308,324183,3,986
1042,322311,322312,322313,376774,376778,1,987
1043,322311,322312,322313,376774,376778,2,988
1044,322311,322312,322313,376774,376778,1,989
1045,322114,322115,322116,322314,322318,1,990
1046,322315,322319,322323,322521,322823,3,991
1047,322316,322320,322324,322522,360198,3,992
1049,322114,322115,322116,322314,322318,2,993
1050,322315,322319,322323,322521,322823,2,994
1051,322316,322320,322324,322522,360198,1,995
1053,322114,322115,322116,322314,322318,2,996
1054,322315,322319,322323,322521,322823,2,997
1055,322316,322320,322324,322522,360198,2,998
1057,322326,322327,322328,322329,322519,3,999
1058,322326,322327,322328,322329,322519,2,1000
1059,322326,322327,322328,322329,322519,2,1001
1060,322326,322327,322328,322329,322519,1,1002
1061,322326,322327,322328,322329,322519,2,1003
1062,322326,322327,322328,322329,322519,2,1004
1063,322326,322327,322328,322329,322519,1,1005
1064,322326,322327,322328,322329,322519,1,1006
1065,322326,322327,322328,322329,322519,2,1007
1066,322326,322327,322328,322329,322519,1,1008
1067,322326,322327,322328,322329,322519,1,1009
1068,322326,322327,322328,322329,322519,3,1010
1077,322326,322327,322328,322329,322519,1,1011
1078,322326,322327,322328,322329,322519,3,1012
1079,322326,322327,322328,322329,322519,2,1013
1080,322326,322327,322328,322329,322519,1,1014
1081,322338,322341,322344,322347,322350,1,1015
1082,322339,322342,322345,322348,322351,3,1016
1083,322340,322343,322346,322349,322352,3,1017
1084,322338,322341,322344,322347,322350,2,1018
1085,322339,322342,322345,322348,322351,3,1019
1086,322340,322343,322346,322349,322352,1,1020
1087,322338,322341,322344,322347,322350,2,1021
1088,322339,322342,322345,322348,322351,2,1022
1089,322340,322343,322346,322349,322352,3,1023
1090,322338,322341,322344,322347,322350,1,1024
1091,322339,322342,322345,322348,322351,1,1025
1092,322340,322343,322346,322349,322352,3,1026
1093,322338,322341,322344,322347,322350,2,1027
1094,322339,322342,322345,322348,322351,1,1028
1095,322340,322343,322346,322349,322352,1,1029
1096,322338,322341,322344,322347,322350,3,1030
1097,322339,322342,322345,322348,322351,3,1031
1098,322340,322343,322346,322349,322352,3,1032
1099,322338,322341,322344,322347,322350,2,1033
1100,322339,322342,322345,322348,322351,3,1034
1101,322340,322343,322346,322349,322352,2,1035
1102,322338,322341,322344,322347,322350,1,1036
1103,322339,322342,322345,322348,322351,1,1037
1104,322340,322343,322346,322349,322352,3,1038
1105,322338,322341,322344,322347,322350,3,1039
1106,322339,322342,322345,322348,322351,2,1040
1107,322340,322343,322346,322349,322352,2,1041
1108,322338,322341,322344,322347,322350,3,1042
1109,322339,322342,322345,322348,322351,2,1043
1110,322340,322343,322346,322349,322352,3,1044
1111,322338,322341,322344,322347,322350,2,1045
1112,322339,322342,322345,322348,322351,3,1046
1113,322340,322343,322346,322349,322352,2,1047
1114,322338,322341,322344,322347,322350,3,1048
1115,322339,322342,322345,322348,322351,3,1049
1116,322340,322343,322346,322349,322352,2,1050
1117,322338,322341,322344,322347,322350,1,1051
1118,322339,322342,322345,322348,322351,2,1052
1119,322340,322343,322346,322349,322352,2,1053
1120,322338,322341,322344,322347,322350,3,1054
1121,322339,322342,322345,322348,322351,3,1055
1122,322340,322343,322346,322349,322352,3,1056
1123,322338,322341,322344,322347,322350,3,1057
1124,322339,322342,322345,322348,322351,1,1058
1125,322340,322343,322346,322349,322352,1,1059
1126,322338,322341,322344,322347,322350,1,1060
1127,322339,322342,322345,322348,322351,1,1061
1128,322340,322343,322346,322349,322352,1,1062
1129,322338,322341,322344,322347,322350,3,1063
1130,322339,322342,322345,322348,322351,1,1064
1131,322340,322343,322346,322349,322352,1,1065
1132,322338,322341,322344,322347,322350,1,1066
1133,322339,322342,322345,322348,322351,3,1067
1134,322340,322343,322346,322349,322352,1,1068
1135,322338,322341,322344,322347,322350,1,1069
1136,322339,322342,322345,322348,322351,3,1070
1137,322340,322343,322346,322349,322352,1,1071
1138,322338,322341,322344,322347,322350,3,1072
1139,322339,322342,322345,322348,322351,1,1073
1140,322340,322343,322346,322349,322352,3,1074
1141,322338,322341,322344,322347,322350,3,1075
1142,322339,322342,322345,322348,322351,1,1076
1143,322340,322343,322346,322349,322352,2,1077
1144,322338,322341,322344,322347,322350,1,1078
1145,322339,322342,322345,322348,322351,2,1079
1146,322340,322343,322346,322349,322352,3,1080
1147,322338,322341,322344,322347,322350,1,1081
1148,322339,322342,322345,322348,322351,1,1082
1149,322340,322343,322346,322349,322352,2,1083
1150,322338,322341,322344,322347,322350,1,1084
1151,322339,322342,322345,322348,322351,1,1085
1152,322340,322343,322346,322349,322352,2,1086
1153,322338,322341,322344,322347,322350,2,1087
1154,322339,322342,322345,322348,322351,1,1088
1155,322340,322343,322346,322349,322352,2,1089
1156,322338,322341,322344,322347,322350,1,1090
1157,322339,322342,322345,322348,322351,1,1091
1158,322340,322343,322346,322349,322352,1,1092
1159,322338,322341,322344,322347,322350,1,1093
1160,322339,322342,322345,322348,322351,1,1094
1161,322340,322343,322346,322349,322352,3,1095
1162,322338,322341,322344,322347,322350,2,1096
1163,322339,322342,322345,322348,322351,3,1097
1164,322340,322343,322346,322349,322352,1,1098
1165,322338,322341,322344,322347,322350,3,1099
1166,322339,322342,322345,322348,322351,2,1100
1167,322340,322343,322346,322349,322352,3,1101
1168,322338,322341,322344,322347,322350,1,1102
1169,322339,322342,322345,322348,322351,2,1103
1170,322340,322343,322346,322349,322352,3,1104
1171,322338,322341,322344,322347,322350,1,1105
1172,322339,322342,322345,322348,322351,1,1106
1173,322340,322343,322346,322349,322352,2,1107
1174,322338,322341,322344,322347,322350,1,1108
1175,322339,322342,322345,322348,322351,1,1109
1176,322340,322343,322346,322349,322352,1,1110
1177,322338,322341,322344,322347,322350,3,1111
1178,322339,322342,322345,322348,322351,2,1112
1179,322340,322343,322346,322349,322352,3,1113
1180,322338,322341,322344,322347,322350,1,1114
1181,322339,322342,322345,322348,322351,3,1115
1182,322340,322343,322346,322349,322352,2,1116
1183,322338,322341,322344,322347,322350,1,1117
1184,322339,322342,322345,322348,322351,2,1118
1185,322340,322343,322346,322349,322352,2,1119
1186,322338,322341,322344,322347,322350,2,1120
1187,322339,322342,322345,322348,322351,2,1121
1188,322340,322343,322346,322349,322352,1,1122
1189,322338,322341,322344,322347,322350,2,1123
1190,322339,322342,322345,322348,322351,2,1124
1191,322340,322343,322346,322349,322352,3,1125
1192,322338,322341,322344,322347,322350,2,1126
1193,322339,322342,322345,322348,322351,1,1127
1194,322340,322343,322346,322349,322352,2,1128
1195,322338,322341,322344,322347,322350,3,1129
1196,322339,322342,322345,322348,322351,3,1130
1197,322340,322343,322346,322349,322352,2,1131
1198,322338,322341,322344,322347,322350,2,1132
1199,322339,322342,322345,322348,322351,2,1133
1200,322340,322343,322346,322349,322352,3,1134
1201,322338,322341,322344,322347,322350,3,1135
1202,322339,322342,322345,322348,322351,1,1136
1203,322340,322343,322346,322349,322352,1,1137
1204,322338,322341,322344,322347,322350,1,1138
1205,322339,322342,322345,322348,322351,1,1139
1206,322340,322343,322346,322349,322352,1,1140
1207,322338,322341,322344,322347,322350,3,1141
1208,322339,322342,322345,322348,322351,1,1142
1209,322340,322343,322346,322349,322352,2,1143
1210,322338,322341,322344,322347,322350,2,1144
1211,322339,322342,322345,322348,322351,1,1145
1212,322340,322343,322346,322349,322352,2,1146
1213,322338,322341,322344,322347,322350,2,1147
1214,322339,322342,322345,322348,322351,2,1148
1215,322340,322343,322346,322349,322352,3,1149
1216,322338,322341,322344,322347,322350,3,1150
1217,322339,322342,322345,322348,322351,1,1151
1218,322340,322343,322346,322349,322352,1,1152
1219,322338,322341,322344,322347,322350,2,1153
1220,322339,322342,322345,322348,322351,1,1154
1221,322340,322343,322346,322349,322352,2,1155
1222,322338,322341,322344,322347,322350,3,1156
1223,322339,322342,322345,322348,322351,2,1157
1224,322340,322343,322346,322349,322352,2,1158
1225,322338,322341,322344,322347,322350,1,1159
1226,322339,322342,322345,322348,322351,2,1160
1227,322340,322343,322346,322349,322352,1,1161
1228,322338,322341,322344,322347,322350,1,1162
1229,322339,322342,322345,322348,322351,2,1163
1230,322340,322343,322346,322349,322352,3,1164
1231,322338,322341,322344,322347,322350,2,1165
1232,322339,322342,322345,322348,322351,1,1166
1233,322340,322343,322346,322349,322352,3,1167
1234,322338,322341,322344,322347,322350,1,1168
1235,322339,322342,322345,322348,322351,3,1169
1236,322340,322343,322346,322349,322352,3,1170
1237,322338,322341,322344,322347,322350,1,1171
1238,322339,322342,322345,322348,322351,2,1172
1239,322340,322343,322346,322349,322352,2,1173
1240,322338,322341,322344,322347,322350,2,1174
1241,322339,322342,322345,322348,322351,3,1175
1242,322340,322343,322346,322349,322352,3,1176
1243,322338,322341,322344,322347,322350,3,1177
1244,322339,322342,322345,322348,322351,3,1178
1245,322340,322343,322346,322349,322352,3,1179
1247,322114,322115,322116,322314,322318,1,1180
1248,322315,322319,322323,322521,322823,1,1181
1249,322316,322320,322324,322522,360198,3,1182
1251,322114,322115,322116,322314,322318,3,1183
1252,322315,322319,322323,322521,322823,3,1184
1253,322316,322320,322324,322522,360198,3,1185
1255,322114,322115,322116,322314,322318,3,1186
1256,322315,322319,322323,322521,322823,3,1187
1257,322316,322320,322324,322522,360198,1,1188
1259,321790,321794,321798,321802,321806,2,1189
1260,321791,321795,321799,321803,321807,2,1190
1261,321790,321794,321798,321802,321806,1,1191
1262,321791,321795,321799,321803,321807,3,1192
1263,321790,321794,321798,321802,321806,3,1193
1264,321791,321795,321799,321803,321807,3,1194
1265,321790,321794,321798,321802,321806,3,1195
1266,321791,321795,321799,321803,321807,2,1196
1267,321790,321794,321798,321802,321806,2,1197
1268,321791,321795,321799,321803,321807,2,1198
1269,321790,321794,321798,321802,321806,2,1199
1270,321791,321795,321799,321803,321807,3,1200
1271,321790,321794,321798,321802,321806,3,1201
1272,321791,321795,321799,321803,321807,3,1202
1273,321790,321794,321798,321802,321806,3,1203
1274,321791,321795,321799,321803,321807,3,1204
1275,321790,321794,321798,321802,321806,2,1205
1276,321791,321795,321799,321803,321807,3,1206
1277,321790,321794,321798,321802,321806,1,1207
1278,321791,321795,321799,321803,321807,2,1208
1279,321790,321794,321798,321802,321806,3,1209
1280,321791,321795,321799,321803,321807,3,1210
1281,321790,321794,321798,321802,321806,2,1211
1282,321791,321795,321799,321803,321807,3,1212
1283,321790,321794,321798,321802,321806,1,1213
1284,321791,321795,321799,321803,321807,2,1214
1285,321790,321794,321798,321802,321806,2,1215
1286,321791,321795,321799,321803,321807,2,1216
1287,321790,321794,321798,321802,321806,1,1217
1288,321791,321795,321799,321803,321807,3,1218
1289,321790,321794,321798,321802,321806,1,1219
1290,321791,321795,321799,321803,321807,1,1220
1291,321790,321794,321798,321802,321806,2,1221
1292,321791,321795,321799,321803,321807,3,1222
1293,321790,321794,321798,321802,321806,2,1223
1294,321791,321795,321799,321803,321807,2,1224
1295,321790,321794,321798,321802,321806,1,1225
1296,321791,321795,321799,321803,321807,1,1226
1297,321790,321794,321798,321802,321806,3,1227
1298,321791,321795,321799,321803,321807,2,1228
1299,321790,321794,321798,321802,321806,1,1229
1300,321791,321795,321799,321803,321807,3,1230
1301,321790,321794,321798,321802,321806,2,1231
1302,321791,321795,321799,321803,321807,2,1232
1303,321790,321794,321798,321802,321806,3,1233
1304,321791,321795,321799,321803,321807,2,1234
1305,321790,321794,321798,321802,321806,2,1235
1306,321791,321795,321799,321803,321807,1,1236
1307,321790,321794,321798,321802,321806,3,1237
1308,321791,321795,321799,321803,321807,3,1238
1309,321790,321794,321798,321802,321806,2,1239
1310,321791,321795,321799,321803,321807,1,1240
1311,321790,321794,321798,321802,321806,1,1241
1312,321791,321795,321799,321803,321807,3,1242
1313,321790,321794,321798,321802,321806,3,1243
1314,321791,321795,321799,321803,321807,3,1244
1315,321790,321794,321798,321802,321806,1,1245
1316,321791,321795,321799,321803,321807,1,1246
1317,321790,321794,321798,321802,321806,3,1247
1318,321791,321795,321799,321803,321807,2,1248
1319,321790,321794,321798,321802,321806,1,1249
1320,321791,321795,321799,321803,321807,1,1250
1321,321790,321794,321798,321802,321806,1,1251
1322,321791,321795,321799,321803,321807,2,1252
1323,321790,321794,321798,321802,321806,1,1253
1324,321791,321795,321799,321803,321807,1,1254
1325,321790,321794,321798,321802,321806,2,1255
1326,321791,321795,321799,321803,321807,1,1256
1327,321790,321794,321798,321802,321806,1,1257
1328,321791,321795,321799,321803,321807,3,1258
1329,321790,321794,321798,321802,321806,3,1259
1330,321791,321795,321799,321803,321807,2,1260
1331,321790,321794,321798,321802,321806,3,1261
1332,321791,321795,321799,321803,321807,2,1262
1333,321790,321794,321798,321802,321806,2,1263
1334,321791,321795,321799,321803,321807,1,1264
1335,321790,321794,321798,321802,321806,1,1265
1336,321791,321795,321799,321803,321807,1,1266
1337,321790,321794,321798,321802,321806,1,1267
1338,321791,321795,321799,321803,321807,1,1268
1339,321790,321794,321798,321802,321806,2,1269
1340,321791,321795,321799,321803,321807,1,1270
1341,321790,321794,321798,321802,321806,1,1271
1342,321791,321795,321799,321803,321807,3,1272
1343,321790,321794,321798,321802,321806,2,1273
1344,321791,321795,321799,321803,321807,2,1274
1345,321790,321794,321798,321802,321806,2,1275
1346,321791,321795,321799,321803,321807,2,1276
1347,321790,321794,321798,321802,321806,1,1277
1348,321791,321795,321799,321803,321807,1,1278
1349,321790,321794,321798,321802,321806,3,1279
1350,321791,321795,321799,321803,321807,1,1280
1351,321790,321794,321798,321802,321806,3,1281
1352,321791,321795,321799,321803,321807,1,1282
1353,321790,321794,321798,321802,321806,1,1283
1354,321791,321795,321799,321803,321807,2,1284
1355,321790,321794,321798,321802,321806,2,1285
1356,321791,321795,321799,321803,321807,3,1286
1357,321790,321794,321798,321802,321806,2,1287
1358,321791,321795,321799,321803,321807,3,1288
1359,321790,321794,321798,321802,321806,2,1289
1360,321791,321795,321799,321803,321807,3,1290
1361,321790,321794,321798,321802,321806,3,1291
1362,321791,321795,321799,321803,321807,1,1292
1363,321790,321794,321798,321802,321806,1,1293
1364,321791,321795,321799,321803,321807,3,1294
1365,321790,321794,321798,321802,321806,3,1295
1366,321791,321795,321799,321803,321807,3,1296
1367,321790,321794,321798,321802,321806,3,1297
1368,321791,321795,321799,321803,321807,2,1298
1369,321790,321794,321798,321802,321806,2,1299
1370,321791,321795,321799,321803,321807,3,1300
1371,321790,321794,321798,321802,321806,2,1301
1372,321791,321795,321799,321803,321807,3,1302
1373,321790,321794,321798,321802,321806,1,1303
1374,321791,321795,321799,321803,321807,3,1304
1375,321790,321794,321798,321802,321806,3,1305
1376,321791,321795,321799,321803,321807,2,1306
1377,321790,321794,321798,321802,321806,1,1307
1378,321791,321795,321799,321803,321807,1,1308
1379,321790,321794,321798,321802,321806,3,1309
1380,321791,321795,321799,321803,321807,3,1310
1381,321790,321794,321798,321802,321806,2,1311
1382,321791,321795,321799,321803,321807,1,1312
1383,321790,321794,321798,321802,321806,3,1313
1384,321791,321795,321799,321803,321807,2,1314
1385,321790,321794,321798,321802,321806,3,1315
1386,321791,321795,321799,321803,321807,1,1316
1387,321790,321794,321798,321802,321806,3,1317
1388,321791,321795,321799,321803,321807,3,1318
1389,321790,321794,321798,321802,321806,2,1319
1390,321791,321795,321799,321803,321807,2,1320
1391,321790,321794,321798,321802,321806,3,1321
1392,321791,321795,321799,321803,321807,1,1322
1393,321790,321794,321798,321802,321806,2,1323
1394,321791,321795,321799,321803,321807,2,1324
1395,321790,321794,321798,321802,321806,2,1325
1396,321791,321795,321799,321803,321807,3,1326
1397,321790,321794,321798,321802,321806,1,1327
1398,321791,321795,321799,321803,321807,2,1328
1399,321790,321794,321798,321802,321806,1,1329
1400,321791,321795,321799,321803,321807,1,1330
1401,321790,321794,321798,321802,321806,2,1331
1402,321791,321795,321799,321803,321807,2,1332
1403,321790,321794,321798,321802,321806,2,1333
1404,321791,321795,321799,321803,321807,1,1334
1405,321790,321794,321798,321802,321806,3,1335
1406,321791,321795,321799,321803,321807,1,1336
1407,321790,321794,321798,321802,321806,1,1337
1408,321791,321795,321799,321803,321807,1,1338
1409,321790,321794,321798,321802,321806,3,1339
1410,321791,321795,321799,321803,321807,3,1340
1411,321790,321794,321798,321802,321806,3,1341
1412,321791,321795,321799,321803,321807,2,1342
1413,321790,321794,321798,321802,321806,2,1343
1414,321791,321795,321799,321803,321807,2,1344
1415,321790,321794,321798,321802,321806,3,1345
1416,321791,321795,321799,321803,321807,1,1346
1417,321790,321794,321798,321802,321806,3,1347
1418,321791,321795,321799,321803,321807,3,1348
1419,321790,321794,321798,321802,321806,2,1349
1420,321791,321795,321799,321803,321807,3,1350
1421,321790,321794,321798,321802,321806,1,1351
1422,321791,321795,321799,321803,321807,3,1352
1423,321790,321794,321798,321802,321806,1,1353
1424,321791,321795,321799,321803,321807,2,1354
1425,321790,321794,321798,321802,321806,2,1355
1426,321791,321795,321799,321803,321807,1,1356
1427,321790,321794,321798,321802,321806,2,1357
1428,321791,321795,321799,321803,321807,2,1358
1429,321790,321794,321798,321802,321806,3,1359
1430,321791,321795,321799,321803,321807,2,1360
1431,321790,321794,321798,321802,321806,2,1361
1432,321791,321795,321799,321803,321807,1,1362
1433,321790,321794,321798,321802,321806,1,1363
1434,321791,321795,321799,321803,321807,1,1364
1435,321790,321794,321798,321802,321806,2,1365
1436,321791,321795,321799,321803,321807,1,1366
1437,321790,321794,321798,321802,321806,1,1367
1438,321791,321795,321799,321803,321807,2,1368
1439,321790,321794,321798,321802,321806,3,1369
1440,321791,321795,321799,321803,321807,3,1370
1441,322419,322420,322421,322422,322423,1,1371
1442,322419,322420,322421,322422,322423,2,1372
1443,322419,322420,322421,322422,322423,1,1373
1444,322419,322420,322421,322422,322423,2,1374
1445,322419,322420,322421,322422,322423,2,1375
1446,322424,322427,322430,322433,322436,1,1376
1447,322425,322428,322431,322434,322437,2,1377
1448,322426,322429,322432,322435,322438,2,1378
1449,322424,322427,322430,322433,322436,1,1379
1450,322425,322428,322431,322434,322437,2,1380
1451,322426,322429,322432,322435,322438,2,1381
1452,322424,322427,322430,322433,322436,1,1382
1453,322425,322428,322431,322434,322437,1,1383
1454,322426,322429,322432,322435,322438,2,1384
1455,322424,322427,322430,322433,322436,2,1385
1456,322425,322428,322431,322434,322437,1,1386
1457,322426,322429,322432,322435,322438,1,1387
1458,322424,322427,322430,322433,322436,1,1388
1459,322425,322428,322431,322434,322437,3,1389
1460,322426,322429,322432,322435,322438,3,1390
1461,322424,322427,322430,322433,322436,3,1391
1462,322425,322428,322431,322434,322437,1,1392
1463,322426,322429,322432,322435,322438,1,1393
1464,322442,322445,322448,322451,322454,2,1394
1465,322443,322446,322449,322452,322455,1,1395
1466,322444,322447,322450,322453,322456,2,1396
1467,322442,322445,322448,322451,322454,1,1397
1468,322443,322446,322449,322452,322455,1,1398
1469,322444,322447,322450,322453,322456,2,1399
1470,322442,322445,322448,322451,322454,2,1400
1471,322443,322446,322449,322452,322455,3,1401
1472,322444,322447,322450,322453,322456,1,1402
1473,322442,322445,322448,322451,322454,2,1403
1474,322443,322446,322449,322452,322455,2,1404
1475,322444,322447,322450,322453,322456,3,1405
1476,322442,322445,322448,322451,322454,2,1406
1477,322443,322446,322449,322452,322455,3,1407
1478,322444,322447,322450,322453,322456,1,1408
1479,322419,322420,322421,322422,322423,2,1409
1480,322419,322420,322421,322422,322423,1,1410
1481,322419,322420,322421,322422,322423,3,1411
1482,322419,322420,322421,322422,322423,2,1412
1483,322419,322420,322421,322422,322423,1,1413
1484,322419,322420,322421,322422,322423,2,1414
1485,322459,322461,322463,322465,322467,2,1415
1486,322093,322095,322097,322460,322462,2,1416
1487,322459,322461,322463,322465,322467,3,1417
1488,322093,322095,322097,322460,322462,1,1418
1489,322459,322461,322463,322465,322467,1,1419
1490,322093,322095,322097,322460,322462,2,1420
1491,322459,322461,322463,322465,322467,2,1421
1492,322093,322095,322097,322460,322462,1,1422
1493,322459,322461,322463,322465,322467,1,1423
1494,322093,322095,322097,322460,322462,3,1424
1495,322424,322427,322430,322433,322436,2,1425
1496,322425,322428,322431,322434,322437,1,1426
1497,322426,322429,322432,322435,322438,3,1427
1498,322424,322427,322430,322433,322436,1,1428
1499,322425,322428,322431,322434,322437,1,1429
1500,322426,322429,322432,322435,322438,2,1430
1501,322424,322427,322430,322433,322436,3,1431
1502,322425,322428,322431,322434,322437,1,1432
1503,322426,322429,322432,322435,322438,1,1433
1504,322424,322427,322430,322433,322436,2,1434
